{
  "name": "{{Dataset_Name}}",
  "compatibilityLevel": 1604,
  "model": {
    "name": "{{Dataset_Name}}",
    "culture": "en-US",
    "collation": "Latin1_General_100_BIN2_UTF8",
    "dataAccessOptions": {
      "legacyRedirects": true,
      "returnErrorValuesAsNull": true
    },
    "defaultPowerBIDataSourceVersion": "powerBI_V3",
    "sourceQueryCulture": "en-US",
    "tables": [
      {
        "name": "Claims",
        "sourceLineageTag": "[dbo].[Claims]",
        "columns": [
          {
            "name": "Claim_ID",
            "dataType": "int64",
            "sourceColumn": "Claim_ID",
            "formatString": "0",
            "sourceProviderType": "int",
            "sourceLineageTag": "Claim_ID",
            "summarizeBy": "sum",
            "annotations": [
              {
                "name": "SummarizationSetBy",
                "value": "Automatic"
              }
            ]
          },
          {
            "name": "Food_ID",
            "dataType": "int64",
            "sourceColumn": "Food_ID",
            "formatString": "0",
            "sourceProviderType": "int",
            "sourceLineageTag": "Food_ID",
            "summarizeBy": "sum",
            "annotations": [
              {
                "name": "SummarizationSetBy",
                "value": "Automatic"
              }
            ]
          },
          {
            "name": "Receiver_ID",
            "dataType": "int64",
            "sourceColumn": "Receiver_ID",
            "formatString": "0",
            "sourceProviderType": "int",
            "sourceLineageTag": "Receiver_ID",
            "summarizeBy": "sum",
            "annotations": [
              {
                "name": "SummarizationSetBy",
                "value": "Automatic"
              }
            ]
          },
          {
            "name": "Status",
            "dataType": "string",
            "sourceColumn": "Status",
            "sourceProviderType": "varchar",
            "sourceLineageTag": "Status",
            "summarizeBy": "none",
            "annotations": [
              {
                "name": "SummarizationSetBy",
                "value": "Automatic"
              }
            ]
          },
          {
            "name": "Timestamp",
            "dataType": "dateTime",
            "sourceColumn": "Timestamp",
            "formatString": "General Date",
            "sourceProviderType": "datetime2",
            "sourceLineageTag": "Timestamp",
            "summarizeBy": "none",
            "annotations": [
              {
                "name": "SummarizationSetBy",
                "value": "Automatic"
              }
            ]
          }
        ],
        "partitions": [
          {
            "name": "{{Partition_Name}}",
            "mode": "directLake",
            "source": {
              "type": "entity",
              "entityName": "Claims",
              "expressionSource": "DatabaseQuery",
              "schemaName": "dbo"
            }
          }
        ],
        "annotations": [
          {
            "name": "IsTableInBiModel",
            "value": "False"
          }
        ]
      },
      {
        "name": "Food_Listings",
        "sourceLineageTag": "[dbo].[Food_Listings]",
        "columns": [
          {
            "name": "Food_ID",
            "dataType": "int64",
            "sourceColumn": "Food_ID",
            "formatString": "0",
            "sourceProviderType": "int",
            "sourceLineageTag": "Food_ID",
            "summarizeBy": "sum",
            "annotations": [
              {
                "name": "SummarizationSetBy",
                "value": "Automatic"
              }
            ]
          },
          {
            "name": "Food_Name",
            "dataType": "string",
            "sourceColumn": "Food_Name",
            "sourceProviderType": "varchar",
            "sourceLineageTag": "Food_Name",
            "summarizeBy": "none",
            "annotations": [
              {
                "name": "SummarizationSetBy",
                "value": "Automatic"
              }
            ]
          },
          {
            "name": "Quantity",
            "dataType": "int64",
            "sourceColumn": "Quantity",
            "formatString": "0",
            "sourceProviderType": "int",
            "sourceLineageTag": "Quantity",
            "summarizeBy": "sum",
            "annotations": [
              {
                "name": "SummarizationSetBy",
                "value": "Automatic"
              }
            ]
          },
          {
            "name": "Expiry_Date",
            "dataType": "dateTime",
            "sourceColumn": "Expiry_Date",
            "formatString": "General Date",
            "sourceProviderType": "date",
            "sourceLineageTag": "Expiry_Date",
            "summarizeBy": "none",
            "annotations": [
              {
                "name": "SummarizationSetBy",
                "value": "Automatic"
              }
            ]
          },
          {
            "name": "Provider_ID",
            "dataType": "int64",
            "sourceColumn": "Provider_ID",
            "formatString": "0",
            "sourceProviderType": "int",
            "sourceLineageTag": "Provider_ID",
            "summarizeBy": "sum",
            "annotations": [
              {
                "name": "SummarizationSetBy",
                "value": "Automatic"
              }
            ]
          },
          {
            "name": "Provider_Type",
            "dataType": "string",
            "sourceColumn": "Provider_Type",
            "sourceProviderType": "varchar",
            "sourceLineageTag": "Provider_Type",
            "summarizeBy": "none",
            "annotations": [
              {
                "name": "SummarizationSetBy",
                "value": "Automatic"
              }
            ]
          },
          {
            "name": "Location",
            "dataType": "string",
            "sourceColumn": "Location",
            "sourceProviderType": "varchar",
            "sourceLineageTag": "Location",
            "summarizeBy": "none",
            "annotations": [
              {
                "name": "SummarizationSetBy",
                "value": "Automatic"
              }
            ]
          },
          {
            "name": "Food_Type",
            "dataType": "string",
            "sourceColumn": "Food_Type",
            "sourceProviderType": "varchar",
            "sourceLineageTag": "Food_Type",
            "summarizeBy": "none",
            "annotations": [
              {
                "name": "SummarizationSetBy",
                "value": "Automatic"
              }
            ]
          },
          {
            "name": "Meal_Type",
            "dataType": "string",
            "sourceColumn": "Meal_Type",
            "sourceProviderType": "varchar",
            "sourceLineageTag": "Meal_Type",
            "summarizeBy": "none",
            "annotations": [
              {
                "name": "SummarizationSetBy",
                "value": "Automatic"
              }
            ]
          }
        ],
        "partitions": [
          {
            "name": "{{Partition_Name}}",
            "mode": "directLake",
            "source": {
              "type": "entity",
              "entityName": "Food_Listings",
              "expressionSource": "DatabaseQuery",
              "schemaName": "dbo"
            }
          }
        ],
        "annotations": [
          {
            "name": "IsTableInBiModel",
            "value": "False"
          }
        ]
      },
      {
        "name": "Providers",
        "sourceLineageTag": "[dbo].[Providers]",
        "columns": [
          {
            "name": "Provider_ID",
            "dataType": "int64",
            "sourceColumn": "Provider_ID",
            "formatString": "0",
            "sourceProviderType": "int",
            "sourceLineageTag": "Provider_ID",
            "summarizeBy": "sum",
            "annotations": [
              {
                "name": "SummarizationSetBy",
                "value": "Automatic"
              }
            ]
          },
          {
            "name": "Name",
            "dataType": "string",
            "sourceColumn": "Name",
            "sourceProviderType": "varchar",
            "sourceLineageTag": "Name",
            "summarizeBy": "none",
            "annotations": [
              {
                "name": "SummarizationSetBy",
                "value": "Automatic"
              }
            ]
          },
          {
            "name": "Type",
            "dataType": "string",
            "sourceColumn": "Type",
            "sourceProviderType": "varchar",
            "sourceLineageTag": "Type",
            "summarizeBy": "none",
            "annotations": [
              {
                "name": "SummarizationSetBy",
                "value": "Automatic"
              }
            ]
          },
          {
            "name": "Address",
            "dataType": "string",
            "sourceColumn": "Address",
            "sourceProviderType": "varchar",
            "sourceLineageTag": "Address",
            "summarizeBy": "none",
            "annotations": [
              {
                "name": "SummarizationSetBy",
                "value": "Automatic"
              }
            ]
          },
          {
            "name": "City",
            "dataType": "string",
            "sourceColumn": "City",
            "sourceProviderType": "varchar",
            "sourceLineageTag": "City",
            "summarizeBy": "none",
            "annotations": [
              {
                "name": "SummarizationSetBy",
                "value": "Automatic"
              }
            ]
          },
          {
            "name": "Contact",
            "dataType": "string",
            "sourceColumn": "Contact",
            "sourceProviderType": "varchar",
            "sourceLineageTag": "Contact",
            "summarizeBy": "none",
            "annotations": [
              {
                "name": "SummarizationSetBy",
                "value": "Automatic"
              }
            ]
          }
        ],
        "partitions": [
          {
            "name": "{{Partition_Name}}",
            "mode": "directLake",
            "source": {
              "type": "entity",
              "entityName": "Providers",
              "expressionSource": "DatabaseQuery",
              "schemaName": "dbo"
            }
          }
        ],
        "annotations": [
          {
            "name": "IsTableInBiModel",
            "value": "False"
          }
        ]
      },
      {
        "name": "Receivers",
        "sourceLineageTag": "[dbo].[Receivers]",
        "columns": [
          {
            "name": "Receiver_ID",
            "dataType": "int64",
            "sourceColumn": "Receiver_ID",
            "formatString": "0",
            "sourceProviderType": "int",
            "sourceLineageTag": "Receiver_ID",
            "summarizeBy": "sum",
            "annotations": [
              {
                "name": "SummarizationSetBy",
                "value": "Automatic"
              }
            ]
          },
          {
            "name": "Name",
            "dataType": "string",
            "sourceColumn": "Name",
            "sourceProviderType": "varchar",
            "sourceLineageTag": "Name",
            "summarizeBy": "none",
            "annotations": [
              {
                "name": "SummarizationSetBy",
                "value": "Automatic"
              }
            ]
          },
          {
            "name": "Type",
            "dataType": "string",
            "sourceColumn": "Type",
            "sourceProviderType": "varchar",
            "sourceLineageTag": "Type",
            "summarizeBy": "none",
            "annotations": [
              {
                "name": "SummarizationSetBy",
                "value": "Automatic"
              }
            ]
          },
          {
            "name": "City",
            "dataType": "string",
            "sourceColumn": "City",
            "sourceProviderType": "varchar",
            "sourceLineageTag": "City",
            "summarizeBy": "none",
            "annotations": [
              {
                "name": "SummarizationSetBy",
                "value": "Automatic"
              }
            ]
          },
          {
            "name": "Contact",
            "dataType": "string",
            "sourceColumn": "Contact",
            "sourceProviderType": "varchar",
            "sourceLineageTag": "Contact",
            "summarizeBy": "none",
            "annotations": [
              {
                "name": "SummarizationSetBy",
                "value": "Automatic"
              }
            ]
          }
        ],
        "partitions": [
          {
            "name": "{{Partition_Name}}",
            "mode": "directLake",
            "source": {
              "type": "entity",
              "entityName": "Receivers",
              "expressionSource": "DatabaseQuery",
              "schemaName": "dbo"
            }
          }
        ],
        "annotations": [
          {
            "name": "IsTableInBiModel",
            "value": "False"
          }
        ]
      },
      {
        "name": "claims_data",
        "sourceLineageTag": "[dbo].[claims_data]",
        "columns": [
          {
            "name": "Status",
            "dataType": "string",
            "sourceColumn": "Status",
            "sourceProviderType": "varchar",
            "sourceLineageTag": "Status",
            "summarizeBy": "none",
            "annotations": [
              {
                "name": "SummarizationSetBy",
                "value": "Automatic"
              }
            ]
          },
          {
            "name": "Timestamp",
            "dataType": "dateTime",
            "sourceColumn": "Timestamp",
            "formatString": "General Date",
            "sourceProviderType": "datetime2",
            "sourceLineageTag": "Timestamp",
            "summarizeBy": "none",
            "annotations": [
              {
                "name": "SummarizationSetBy",
                "value": "Automatic"
              }
            ]
          },
          {
            "name": "Claim_ID",
            "dataType": "int64",
            "sourceColumn": "Claim_ID",
            "formatString": "0",
            "sourceProviderType": "int",
            "sourceLineageTag": "Claim_ID",
            "summarizeBy": "sum",
            "annotations": [
              {
                "name": "SummarizationSetBy",
                "value": "Automatic"
              }
            ]
          },
          {
            "name": "Food_ID",
            "dataType": "int64",
            "sourceColumn": "Food_ID",
            "formatString": "0",
            "sourceProviderType": "int",
            "sourceLineageTag": "Food_ID",
            "summarizeBy": "sum",
            "annotations": [
              {
                "name": "SummarizationSetBy",
                "value": "Automatic"
              }
            ]
          },
          {
            "name": "Receiver_ID",
            "dataType": "int64",
            "sourceColumn": "Receiver_ID",
            "formatString": "0",
            "sourceProviderType": "int",
            "sourceLineageTag": "Receiver_ID",
            "summarizeBy": "sum",
            "annotations": [
              {
                "name": "SummarizationSetBy",
                "value": "Automatic"
              }
            ]
          }
        ],
        "partitions": [
          {
            "name": "{{Partition_Name}}",
            "mode": "directLake",
            "source": {
              "type": "entity",
              "entityName": "claims_data",
              "expressionSource": "DatabaseQuery",
              "schemaName": "dbo"
            }
          }
        ],
        "annotations": [
          {
            "name": "IsTableInBiModel",
            "value": "False"
          }
        ]
      },
      {
        "name": "food_listings_data",
        "sourceLineageTag": "[dbo].[food_listings_data]",
        "columns": [
          {
            "name": "Food_ID",
            "dataType": "int64",
            "sourceColumn": "Food_ID",
            "formatString": "0",
            "sourceProviderType": "int",
            "sourceLineageTag": "Food_ID",
            "summarizeBy": "sum",
            "annotations": [
              {
                "name": "SummarizationSetBy",
                "value": "Automatic"
              }
            ]
          },
          {
            "name": "Food_Name",
            "dataType": "string",
            "sourceColumn": "Food_Name",
            "sourceProviderType": "varchar",
            "sourceLineageTag": "Food_Name",
            "summarizeBy": "none",
            "annotations": [
              {
                "name": "SummarizationSetBy",
                "value": "Automatic"
              }
            ]
          },
          {
            "name": "Quantity",
            "dataType": "int64",
            "sourceColumn": "Quantity",
            "formatString": "0",
            "sourceProviderType": "int",
            "sourceLineageTag": "Quantity",
            "summarizeBy": "sum",
            "annotations": [
              {
                "name": "SummarizationSetBy",
                "value": "Automatic"
              }
            ]
          },
          {
            "name": "Expiry_Date",
            "dataType": "dateTime",
            "sourceColumn": "Expiry_Date",
            "formatString": "General Date",
            "sourceProviderType": "date",
            "sourceLineageTag": "Expiry_Date",
            "summarizeBy": "none",
            "annotations": [
              {
                "name": "SummarizationSetBy",
                "value": "Automatic"
              }
            ]
          },
          {
            "name": "Provider_ID",
            "dataType": "int64",
            "sourceColumn": "Provider_ID",
            "formatString": "0",
            "sourceProviderType": "int",
            "sourceLineageTag": "Provider_ID",
            "summarizeBy": "sum",
            "annotations": [
              {
                "name": "SummarizationSetBy",
                "value": "Automatic"
              }
            ]
          },
          {
            "name": "Provider_Type",
            "dataType": "string",
            "sourceColumn": "Provider_Type",
            "sourceProviderType": "varchar",
            "sourceLineageTag": "Provider_Type",
            "summarizeBy": "none",
            "annotations": [
              {
                "name": "SummarizationSetBy",
                "value": "Automatic"
              }
            ]
          },
          {
            "name": "Location",
            "dataType": "string",
            "sourceColumn": "Location",
            "sourceProviderType": "varchar",
            "sourceLineageTag": "Location",
            "summarizeBy": "none",
            "annotations": [
              {
                "name": "SummarizationSetBy",
                "value": "Automatic"
              }
            ]
          },
          {
            "name": "Food_Type",
            "dataType": "string",
            "sourceColumn": "Food_Type",
            "sourceProviderType": "varchar",
            "sourceLineageTag": "Food_Type",
            "summarizeBy": "none",
            "annotations": [
              {
                "name": "SummarizationSetBy",
                "value": "Automatic"
              }
            ]
          },
          {
            "name": "Meal_Type",
            "dataType": "string",
            "sourceColumn": "Meal_Type",
            "sourceProviderType": "varchar",
            "sourceLineageTag": "Meal_Type",
            "summarizeBy": "none",
            "annotations": [
              {
                "name": "SummarizationSetBy",
                "value": "Automatic"
              }
            ]
          }
        ],
        "partitions": [
          {
            "name": "{{Partition_Name}}",
            "mode": "directLake",
            "source": {
              "type": "entity",
              "entityName": "food_listings_data",
              "expressionSource": "DatabaseQuery",
              "schemaName": "dbo"
            }
          }
        ],
        "annotations": [
          {
            "name": "IsTableInBiModel",
            "value": "False"
          }
        ]
      },
      {
        "name": "providers_data",
        "sourceLineageTag": "[dbo].[providers_data]",
        "columns": [
          {
            "name": "Name",
            "dataType": "string",
            "sourceColumn": "Name",
            "sourceProviderType": "varchar",
            "sourceLineageTag": "Name",
            "summarizeBy": "none",
            "annotations": [
              {
                "name": "SummarizationSetBy",
                "value": "Automatic"
              }
            ]
          },
          {
            "name": "Type",
            "dataType": "string",
            "sourceColumn": "Type",
            "sourceProviderType": "varchar",
            "sourceLineageTag": "Type",
            "summarizeBy": "none",
            "annotations": [
              {
                "name": "SummarizationSetBy",
                "value": "Automatic"
              }
            ]
          },
          {
            "name": "Address",
            "dataType": "string",
            "sourceColumn": "Address",
            "sourceProviderType": "varchar",
            "sourceLineageTag": "Address",
            "summarizeBy": "none",
            "annotations": [
              {
                "name": "SummarizationSetBy",
                "value": "Automatic"
              }
            ]
          },
          {
            "name": "City",
            "dataType": "string",
            "sourceColumn": "City",
            "sourceProviderType": "varchar",
            "sourceLineageTag": "City",
            "summarizeBy": "none",
            "annotations": [
              {
                "name": "SummarizationSetBy",
                "value": "Automatic"
              }
            ]
          },
          {
            "name": "Contact",
            "dataType": "string",
            "sourceColumn": "Contact",
            "sourceProviderType": "varchar",
            "sourceLineageTag": "Contact",
            "summarizeBy": "none",
            "annotations": [
              {
                "name": "SummarizationSetBy",
                "value": "Automatic"
              }
            ]
          },
          {
            "name": "Provider_ID",
            "dataType": "int64",
            "sourceColumn": "Provider_ID",
            "formatString": "0",
            "sourceProviderType": "int",
            "sourceLineageTag": "Provider_ID",
            "summarizeBy": "sum",
            "annotations": [
              {
                "name": "SummarizationSetBy",
                "value": "Automatic"
              }
            ]
          }
        ],
        "partitions": [
          {
            "name": "{{Partition_Name}}",
            "mode": "directLake",
            "source": {
              "type": "entity",
              "entityName": "providers_data",
              "expressionSource": "DatabaseQuery",
              "schemaName": "dbo"
            }
          }
        ],
        "annotations": [
          {
            "name": "IsTableInBiModel",
            "value": "False"
          }
        ]
      },
      {
        "name": "receivers_data",
        "sourceLineageTag": "[dbo].[receivers_data]",
        "columns": [
          {
            "name": "Name",
            "dataType": "string",
            "sourceColumn": "Name",
            "sourceProviderType": "varchar",
            "sourceLineageTag": "Name",
            "summarizeBy": "none",
            "annotations": [
              {
                "name": "SummarizationSetBy",
                "value": "Automatic"
              }
            ]
          },
          {
            "name": "Type",
            "dataType": "string",
            "sourceColumn": "Type",
            "sourceProviderType": "varchar",
            "sourceLineageTag": "Type",
            "summarizeBy": "none",
            "annotations": [
              {
                "name": "SummarizationSetBy",
                "value": "Automatic"
              }
            ]
          },
          {
            "name": "City",
            "dataType": "string",
            "sourceColumn": "City",
            "sourceProviderType": "varchar",
            "sourceLineageTag": "City",
            "summarizeBy": "none",
            "annotations": [
              {
                "name": "SummarizationSetBy",
                "value": "Automatic"
              }
            ]
          },
          {
            "name": "Contact",
            "dataType": "string",
            "sourceColumn": "Contact",
            "sourceProviderType": "varchar",
            "sourceLineageTag": "Contact",
            "summarizeBy": "none",
            "annotations": [
              {
                "name": "SummarizationSetBy",
                "value": "Automatic"
              }
            ]
          },
          {
            "name": "Receiver_ID",
            "dataType": "int64",
            "sourceColumn": "Receiver_ID",
            "formatString": "0",
            "sourceProviderType": "int",
            "sourceLineageTag": "Receiver_ID",
            "summarizeBy": "sum",
            "annotations": [
              {
                "name": "SummarizationSetBy",
                "value": "Automatic"
              }
            ]
          }
        ],
        "partitions": [
          {
            "name": "{{Partition_Name}}",
            "mode": "directLake",
            "source": {
              "type": "entity",
              "entityName": "receivers_data",
              "expressionSource": "DatabaseQuery",
              "schemaName": "dbo"
            }
          }
        ],
        "annotations": [
          {
            "name": "IsTableInBiModel",
            "value": "False"
          }
        ]
      }
    ],
    "relationships": [
      {
        "name": "32df6187bb61662c671efa674df74dd5",
        "fromTable": "Claims",
        "fromColumn": "Receiver_ID",
        "toTable": "Receivers",
        "toColumn": "Receiver_ID",
        "relyOnReferentialIntegrity": true,
        "securityFilteringBehavior": "none"
      },
      {
        "name": "4466541c274ef3c72bda1e8480107bed",
        "fromTable": "Food_Listings",
        "fromColumn": "Provider_ID",
        "toTable": "Providers",
        "toColumn": "Provider_ID",
        "relyOnReferentialIntegrity": true,
        "securityFilteringBehavior": "none"
      },
      {
        "name": "9dd9e3e7573ef43f94bc8e8eac2407c2",
        "fromTable": "Claims",
        "fromColumn": "Food_ID",
        "toTable": "Food_Listings",
        "toColumn": "Food_ID",
        "relyOnReferentialIntegrity": true,
        "securityFilteringBehavior": "none"
      }
    ],
    "expressions": [
      {
        "name": "DatabaseQuery",
        "kind": "m",
        "expression": "let\n    database = {{TDS_Endpoint}}\nin\n    database\n"
      }
    ],
    "annotations": [
      {
        "name": "__PBI_TimeIntelligenceEnabled",
        "value": "0"
      },
      {
        "name": "SourceLineageTagType",
        "value": "DatabaseFullyQualifiedName"
      }
    ]
  }
}